scenario,policy,seed,avg_age_at_issue_days,expired_platelets,expired_red_cells,expired_share,expired_units,fallback_count,issued_units,lanes_used,shortage_events,shortage_events_rh_neg,transfer_units,transfers,unit_km,unmet_plasma,unmet_platelets,unmet_red_cells,unmet_units,unmet_units_rh_neg,solver_seconds
normal,A,1,18.713,423,27,0.03532,450,0,12289,0,530,121,0,0,0.0,3,527,154,684,138,0.0
normal,A,2,17.595,400,25,0.0338,425,0,12149,0,526,118,0,0,0.0,14,457,207,678,134,0.0
normal,A,3,17.734,537,19,0.02749,556,0,19666,0,644,124,0,0,0.0,105,734,60,899,136,0.0
normal,A,4,18.91,536,31,0.03476,567,0,15743,0,555,120,0,0,0.0,83,545,73,701,126,0.0
normal,A,5,17.463,451,20,0.02533,471,0,18121,0,913,188,0,0,0.0,158,776,486,1420,218,0.0
normal,A,6,18.354,638,21,0.03202,659,0,19921,0,662,206,0,0,0.0,2,753,236,991,238,0.0
normal,A,7,18.038,422,34,0.03939,456,0,11122,0,561,95,0,0,0.0,135,459,74,668,102,0.0
normal,A,8,19.962,378,12,0.04345,390,0,8586,0,414,104,0,0,0.0,3,373,106,482,112,0.0
normal,A,9,18.532,476,49,0.03101,525,0,16403,0,578,109,0,0,0.0,59,551,195,805,120,0.0
normal,A,10,16.931,464,16,0.02229,480,0,21057,0,646,149,0,0,0.0,3,618,321,942,167,0.0
normal,A,11,18.979,480,39,0.033,519,0,15207,0,578,147,0,0,0.0,1,624,133,758,161,0.0
normal,A,12,18.41,404,35,0.02377,439,0,18029,0,609,97,0,0,0.0,132,629,35,796,105,0.0
normal,A,13,19.911,514,18,0.02768,532,0,18685,0,508,83,0,0,0.0,0,652,50,702,88,0.0
normal,A,14,16.817,563,4,0.02128,567,0,26080,0,899,211,0,0,0.0,148,773,438,1359,250,0.0
normal,A,15,20.916,449,34,0.02292,483,0,20591,0,410,63,0,0,0.0,0,497,48,545,76,0.0
normal,A,16,15.526,540,18,0.03036,558,0,17823,0,795,183,0,0,0.0,116,680,486,1282,219,0.0
normal,A,17,18.519,432,24,0.04309,456,0,10127,0,524,130,0,0,0.0,11,478,228,717,146,0.0
normal,A,18,19.148,571,8,0.02727,579,0,20653,0,499,92,0,0,0.0,3,595,100,698,108,0.0
normal,A,19,17.935,512,8,0.02794,520,0,18091,0,602,131,0,0,0.0,53,622,107,782,147,0.0
normal,A,20,19.104,445,8,0.03963,453,0,10978,0,525,127,0,0,0.0,0,421,275,696,138,0.0
normal,A,21,17.009,450,31,0.02717,481,0,17225,0,603,90,0,0,0.0,91,530,157,778,94,0.0
normal,A,22,16.642,466,23,0.02964,489,0,16009,0,745,175,0,0,0.0,146,547,306,999,185,0.0
normal,A,23,20.325,539,67,0.03827,606,0,15229,0,564,124,0,0,0.0,1,666,125,792,130,0.0
normal,A,24,18.348,591,15,0.02772,606,0,21259,0,603,180,0,0,0.0,20,686,210,916,208,0.0
normal,A,25,17.077,491,25,0.03332,516,0,14969,0,573,139,0,0,0.0,37,657,297,991,167,0.0
normal,A,26,18.128,479,24,0.02707,503,0,18079,0,733,183,0,0,0.0,5,656,453,1114,213,0.0
normal,A,27,16.771,488,18,0.02349,506,0,21034,0,864,183,0,0,0.0,191,730,356,1277,215,0.0
normal,A,28,19.223,599,16,0.03133,615,0,19013,0,517,169,0,0,0.0,0,575,136,711,183,0.0
normal,A,29,16.427,366,15,0.03117,381,0,11843,0,731,173,0,0,0.0,97,493,413,1003,186,0.0
normal,A,30,17.679,365,32,0.02408,397,0,16087,0,640,126,0,0,0.0,47,603,184,834,140,0.0
normal,B,1,18.365,251,23,0.02138,274,0,12542,981,383,108,1461,1255,36693.1,1,344,86,431,113,0.0
normal,B,2,17.064,258,22,0.02211,280,0,12383,861,384,106,1646,1257,29453.0,8,317,119,444,115,0.0
normal,B,3,17.469,276,17,0.01443,293,0,20005,903,473,92,1632,1445,25686.8,47,470,43,560,95,0.0
normal,B,4,18.574,332,32,0.02223,364,0,16008,832,388,98,1272,1198,26915.6,35,336,65,436,104,0.0
normal,B,5,16.694,284,17,0.01597,301,0,18543,1276,737,210,3231,2099,67192.2,68,611,319,998,241,0.0
normal,B,6,17.868,322,21,0.01659,343,0,20332,1211,445,155,2428,1771,54258.6,2,427,151,580,173,0.0
normal,B,7,17.708,319,33,0.03032,352,0,11257,729,480,85,995,916,27198.6,127,350,56,533,88,0.0
normal,B,8,19.649,313,11,0.03598,324,0,8682,506,350,91,651,604,14397.8,3,305,78,386,98,0.0
normal,B,9,18.24,326,49,0.02197,375,0,16696,940,415,91,1649,1248,38913.1,9,401,102,512,95,0.0
normal,B,10,16.406,322,14,0.0155,336,0,21337,1235,532,157,2673,1800,58693.0,2,474,186,662,174,0.0
normal,B,11,18.656,248,39,0.01819,287,0,15488,774,411,124,1199,1031,21348.6,0,384,93,477,136,0.0
normal,B,12,18.123,318,32,0.01886,350,0,18212,861,508,81,1353,1204,32597.8,41,542,30,613,85,0.0
normal,B,13,19.574,265,17,0.01466,282,0,18960,761,356,59,1112,1037,23189.4,0,397,30,427,64,0.0
normal,B,14,16.23,341,4,0.01279,345,0,26624,1396,603,196,3949,2200,86313.3,37,548,230,815,232,0.0
normal,B,15,20.79,366,31,0.01882,397,0,20693,583,356,50,832,741,23252.7,0,413,30,443,59,0.0
normal,B,16,14.581,314,15,0.01768,329,0,18281,1401,631,186,4172,2414,78804.6,67,447,310,824,210,0.0
normal,B,17,18.005,257,23,0.02628,280,0,10376,870,406,127,1502,1249,31439.7,2,309,157,468,139,0.0
normal,B,18,18.864,354,8,0.017,362,0,20934,818,339,54,1281,1141,31403.1,1,371,45,417,65,0.0
normal,B,19,17.633,287,8,0.01578,295,0,18401,884,409,99,1468,1248,29384.8,16,395,61,472,104,0.0
normal,B,20,18.419,310,7,0.02758,317,0,11178,1013,424,145,1846,1348,34820.3,0,283,213,496,153,0.0
normal,B,21,16.676,346,31,0.02116,377,0,17441,958,472,87,1732,1322,30236.8,66,428,68,562,92,0.0
normal,B,22,16.058,325,21,0.02074,346,0,16335,1215,568,177,2383,1780,49434.9,88,404,181,673,187,0.0
normal,B,23,19.926,271,64,0.02108,335,0,15554,837,392,96,1365,1209,32607.4,1,392,74,467,99,0.0
normal,B,24,18.076,328,12,0.01549,340,0,21608,1007,423,134,1678,1403,38240.9,11,419,137,567,152,0.0
normal,B,25,16.392,292,25,0.02032,317,0,15280,1095,522,149,2453,1662,52834.0,15,449,216,680,161,0.0
normal,B,26,17.574,280,25,0.01631,305,0,18397,1229,592,186,2547,1717,80293.2,3,456,337,796,213,0.0
normal,B,27,16.176,294,17,0.01431,311,0,21427,1186,670,165,2626,1854,53978.4,121,530,233,884,194,0.0
normal,B,28,18.972,386,16,0.02044,402,0,19263,931,388,141,1401,1237,27517.2,0,358,103,461,149,0.0
normal,B,29,15.738,237,11,0.02006,248,0,12117,1162,579,192,2356,1764,43662.9,42,367,320,729,211,0.0
normal,B,30,17.339,251,30,0.01693,281,0,16315,873,512,98,1663,1194,35305.4,27,488,91,606,103,0.0
normal,C,1,18.481,362,23,0.03002,385,4,12439,1020,452,105,3094,1815,51967.5,0,460,74,534,118,574.47
normal,C,2,17.254,376,24,0.03164,400,2,12242,1110,472,128,3285,2028,59700.2,3,436,146,585,140,431.42
normal,C,3,17.422,285,13,0.01466,298,0,20029,1155,442,93,3666,2331,54965.5,16,476,44,536,96,392.69
normal,C,4,18.68,439,30,0.02861,469,0,15922,1129,446,111,2769,1904,51549.3,6,448,68,522,118,301.48
normal,C,5,16.693,389,12,0.02132,401,1,18404,1632,785,205,5881,3267,118589.4,32,717,388,1137,247,546.58
normal,C,6,17.957,427,20,0.02163,447,0,20219,1154,499,166,3834,2115,77225.1,3,532,158,693,187,338.43
normal,C,7,17.74,387,39,0.03665,426,0,11198,1281,531,92,3231,2142,58512.5,118,423,51,592,94,308.67
normal,C,8,19.856,386,16,0.04469,402,0,8593,1027,419,119,2707,1817,47881.3,2,381,92,475,125,387.47
normal,C,9,18.323,403,44,0.0262,447,1,16612,1184,468,97,3836,2175,83092.2,2,479,115,596,105,369.54
normal,C,10,16.375,396,18,0.01908,414,1,21286,1269,566,147,5613,2577,116827.3,3,552,158,713,158,492.47
normal,C,11,18.751,351,42,0.0249,393,2,15391,1040,485,126,3191,1927,49162.8,1,489,84,574,136,436.3
normal,C,12,18.152,402,36,0.02355,438,0,18163,1113,559,95,3871,2188,72422.8,3,628,31,662,103,330.6
normal,C,13,19.682,444,26,0.02443,470,0,18771,810,467,85,2390,1418,41445.1,1,581,34,616,91,293.59
normal,C,14,16.387,463,5,0.01735,468,1,26500,1404,663,195,6209,2806,119327.9,3,678,258,939,239,358.68
normal,C,15,20.788,437,39,0.02255,476,1,20634,940,417,48,2974,1744,60623.9,2,491,9,502,50,330.64
normal,C,16,14.713,414,9,0.02275,423,0,18171,1411,639,168,5942,2737,110543.9,42,548,344,934,196,460.93
normal,C,17,18.251,354,28,0.03588,382,0,10265,1093,475,139,2868,1969,54778.2,1,404,174,579,153,384.65
normal,C,18,18.936,459,5,0.0218,464,0,20824,1069,408,71,3145,1950,67280.4,4,481,42,527,83,289.12
normal,C,19,17.676,391,13,0.02159,404,1,18312,1126,478,115,3753,2098,64562.1,1,500,60,561,122,335.85
normal,C,20,18.744,400,6,0.0354,406,1,11064,1271,497,154,3337,2122,65974.5,3,378,229,610,160,324.59
normal,C,21,16.564,436,39,0.02653,475,0,17431,1314,477,93,4654,2520,71035.0,7,518,47,572,100,446.74
normal,C,22,16.036,410,22,0.02586,432,0,16271,1450,595,151,5209,2789,106097.3,59,492,186,737,159,387.39
normal,C,23,19.991,418,72,0.03083,490,0,15404,1092,479,110,3911,2252,70342.2,1,543,73,617,116,397.54
normal,C,24,18.158,448,10,0.02084,458,0,21520,1047,482,148,3373,1911,62779.7,0,542,113,655,162,281.94
normal,C,25,16.593,454,28,0.03092,482,2,15105,1229,573,152,4164,2276,81838.9,6,619,230,855,170,367.66
normal,C,26,17.704,398,24,0.02259,422,1,18260,1175,660,200,3708,2099,87222.4,1,574,358,933,228,236.78
normal,C,27,16.078,397,15,0.01887,412,0,21422,1614,645,161,6089,3034,123681.5,45,640,204,889,190,397.32
normal,C,28,19.062,454,5,0.02334,459,0,19204,1074,428,133,3087,1982,52058.0,0,429,91,520,141,258.04
normal,C,29,15.829,306,14,0.02585,320,4,12058,1479,611,192,4669,2685,96026.6,21,433,334,788,203,612.75
normal,C,30,17.317,271,35,0.0184,306,3,16326,1237,481,107,4141,2133,74575.8,1,511,83,595,113,516.37
normal,C@k=0,1,18.442,270,25,0.02303,295,0,12515,704,394,108,1652,1240,35132.3,2,364,92,458,113,95.75
normal,C@k=0,2,17.116,266,22,0.02274,288,0,12378,776,381,111,1947,1401,31740.6,5,325,119,449,124,133.15
normal,C@k=0,3,17.452,290,16,0.01507,306,0,20005,659,463,89,1761,1378,26034.7,35,483,42,560,92,104.4
normal,C@k=0,4,18.53,324,33,0.02179,357,0,16029,716,362,92,1433,1223,27563.0,26,327,62,415,99,68.91
normal,C@k=0,5,16.654,287,17,0.01614,304,1,18535,1050,715,196,3752,2187,75913.7,62,610,334,1006,228,246.17
normal,C@k=0,6,17.87,332,19,0.01698,351,0,20324,905,445,147,2703,1721,56755.5,2,439,147,588,167,172.03
normal,C@k=0,7,17.646,286,29,0.02712,315,0,11302,676,447,76,1280,1044,28967.8,120,318,50,488,78,55.96
normal,C@k=0,8,19.575,280,12,0.03243,292,0,8712,520,324,96,875,763,16541.4,3,271,82,356,102,52.5
normal,C@k=0,9,18.227,318,48,0.02144,366,0,16706,750,396,89,1916,1276,44164.0,8,396,98,502,97,149.54
normal,C@k=0,10,16.427,346,12,0.01653,358,0,21305,917,542,145,3057,1757,63489.4,3,498,193,694,169,222.07
normal,C@k=0,11,18.664,281,42,0.02046,323,0,15463,669,437,123,1524,1184,23594.4,0,418,84,502,132,110.7
normal,C@k=0,12,18.056,288,37,0.0175,325,0,18250,685,466,77,1647,1249,33360.7,39,511,25,575,82,99.67
normal,C@k=0,13,19.601,303,19,0.01673,322,0,18920,562,376,66,1263,1047,26423.1,0,436,31,467,70,120.74
normal,C@k=0,14,16.258,388,2,0.01445,390,0,26604,1055,616,182,4659,2300,95015.8,25,594,216,835,219,292.55
normal,C@k=0,15,20.802,359,32,0.01854,391,0,20693,511,349,55,1002,795,25107.8,0,410,33,443,65,91.07
normal,C@k=0,16,14.556,316,14,0.01772,330,0,18289,1098,614,183,4640,2295,86994.9,63,446,307,816,211,245.88
normal,C@k=0,17,17.966,251,21,0.02549,272,0,10397,764,384,126,1697,1323,33717.8,2,299,146,447,140,112.65
normal,C@k=0,18,18.872,340,8,0.01635,348,0,20939,652,333,65,1431,1149,31122.1,1,360,51,412,73,107.82
normal,C@k=0,19,17.652,292,8,0.01605,300,0,18397,664,397,102,1596,1215,28543.4,16,398,62,476,110,108.29
normal,C@k=0,20,18.42,300,11,0.02705,311,0,11185,869,416,141,1979,1349,38071.0,0,272,217,489,150,131.88
normal,C@k=0,21,16.609,352,36,0.02175,388,0,17451,797,459,79,2070,1330,33154.0,50,433,69,552,84,122.07
normal,C@k=0,22,16.058,325,20,0.02065,345,0,16360,975,541,149,2733,1748,55061.0,91,401,156,648,157,159.17
normal,C@k=0,23,19.928,271,69,0.02141,340,0,15542,651,386,103,1605,1258,31603.4,1,390,88,479,109,88.14
normal,C@k=0,24,18.094,338,11,0.0159,349,0,21601,712,431,141,1826,1335,37331.6,11,426,137,574,164,122.94
normal,C@k=0,25,16.421,284,26,0.01987,310,0,15292,927,513,133,2848,1698,58966.9,15,441,212,668,146,138.55
normal,C@k=0,26,17.586,319,23,0.01828,342,1,18367,996,597,180,2960,1772,88209.8,1,496,329,826,201,193.99
normal,C@k=0,27,16.188,340,16,0.01634,356,0,21428,966,655,158,3030,1792,60467.0,115,578,190,883,188,139.05
normal,C@k=0,28,18.94,359,15,0.01902,374,0,19291,732,353,126,1673,1317,32241.5,0,334,99,433,139,99.86
normal,C@k=0,29,15.684,229,12,0.01948,241,0,12130,1057,564,185,3017,1950,57063.8,42,358,316,716,197,175.11
normal,C@k=0,30,17.336,243,33,0.0166,276,0,16350,751,486,103,2066,1270,39312.5,16,481,74,571,106,114.09
